{
  "metadata": {
    "fecha_analisis": "2025-07-21T14:04:25.640592",
    "total_llamadas": 341777,
    "metodo_segmentacion": "inteligente_multicriterio"
  },
  "distribucion_tipos": {
    "SALIENTE": 237853,
    "ENTRANTE": 103924
  },
  "estadisticas_confianza": {
    "promedio": 0.9000000000000005,
    "mediana": 0.9,
    "alta_confianza": 341777,
    "baja_confianza": 0
  },
  "reglas_aplicadas": {
    "SENTIDO": {
      "entrantes": [
        "in"
      ],
      "salientes": [
        "out"
      ]
    }
  },
  "recomendaciones": [],
  "patrones_temporales": {
    "entrantes_por_hora": {
      "7": 2068,
      "8": 7683,
      "9": 11565,
      "10": 12503,
      "11": 11813,
      "12": 11096,
      "13": 9514,
      "14": 8657,
      "15": 8371,
      "16": 7815,
      "17": 6598,
      "18": 4058,
      "19": 1794,
      "20": 388,
      "21": 1
    },
    "salientes_por_hora": {
      "6": 18,
      "7": 4039,
      "8": 18065,
      "9": 27722,
      "10": 28430,
      "11": 25932,
      "12": 20527,
      "13": 19238,
      "14": 25214,
      "15": 23574,
      "16": 15316,
      "17": 10834,
      "18": 10292,
      "19": 6943,
      "20": 1708,
      "21": 1
    }
  }
}